rate_date,base_currency,quote_currency,rate
2024-01-01,USD,EUR,0.910855
2024-01-01,USD,GBP,0.791902
2024-01-01,USD,EGP,48.68923
2024-01-02,USD,EUR,0.924069
2024-01-02,USD,GBP,0.791751
2024-01-02,USD,EGP,48.914808
2024-01-03,USD,EUR,0.92245
2024-01-03,USD,GBP,0.794615
2024-01-03,USD,EGP,48.809827
2024-01-04,USD,EUR,0.926351
2024-01-04,USD,GBP,0.795117
2024-01-04,USD,EGP,48.879213
2024-01-05,USD,EUR,0.918101
2024-01-05,USD,GBP,0.788726
2024-01-05,USD,EGP,48.46641
2024-01-06,USD,EUR,0.921779
2024-01-06,USD,GBP,0.787981
2024-01-06,USD,EGP,48.104893
2024-01-07,USD,EUR,0.911529
2024-01-07,USD,GBP,0.793393
2024-01-07,USD,EGP,48.355564
2024-01-08,USD,EUR,0.924215
2024-01-08,USD,GBP,0.784675
2024-01-08,USD,EGP,48.482964
2024-01-09,USD,EUR,0.91812
2024-01-09,USD,GBP,0.78319
2024-01-09,USD,EGP,48.96492
2024-01-10,USD,EUR,0.924162
2024-01-10,USD,GBP,0.791502
2024-01-10,USD,EGP,48.153216
2024-01-11,USD,EUR,0.911275
2024-01-11,USD,GBP,0.789267
2024-01-11,USD,EGP,48.902876
2024-01-12,USD,EUR,0.921662
2024-01-12,USD,GBP,0.793207
2024-01-12,USD,EGP,48.377412
2024-01-13,USD,EUR,0.911241
2024-01-13,USD,GBP,0.782966
2024-01-13,USD,EGP,48.264108
2024-01-14,USD,EUR,0.915845
2024-01-14,USD,GBP,0.787541
2024-01-14,USD,EGP,48.840903
2024-01-15,USD,EUR,0.926134
2024-01-15,USD,GBP,0.788139
2024-01-15,USD,EGP,48.246092
2024-01-16,USD,EUR,0.92819
2024-01-16,USD,GBP,0.788015
2024-01-16,USD,EGP,48.450361
2024-01-17,USD,EUR,0.913677
2024-01-17,USD,GBP,0.787993
2024-01-17,USD,EGP,48.165114
2024-01-18,USD,EUR,0.927071
2024-01-18,USD,GBP,0.795852
2024-01-18,USD,EGP,48.03609
2024-01-19,USD,EUR,0.91289
2024-01-19,USD,GBP,0.787145
2024-01-19,USD,EGP,48.566196
2024-01-20,USD,EUR,0.925932
2024-01-20,USD,GBP,0.79097
2024-01-20,USD,EGP,48.562518
2024-01-21,USD,EUR,0.911203
2024-01-21,USD,GBP,0.785163
2024-01-21,USD,EGP,48.043361
2024-01-22,USD,EUR,0.924495
2024-01-22,USD,GBP,0.792245
2024-01-22,USD,EGP,48.702597
2024-01-23,USD,EUR,0.923724
2024-01-23,USD,GBP,0.782556
2024-01-23,USD,EGP,48.92938
2024-01-24,USD,EUR,0.919198
2024-01-24,USD,GBP,0.782176
2024-01-24,USD,EGP,48.823443
2024-01-25,USD,EUR,0.913609
2024-01-25,USD,GBP,0.793663
2024-01-25,USD,EGP,48.518831
2024-01-26,USD,EUR,0.921984
2024-01-26,USD,GBP,0.795228
2024-01-26,USD,EGP,48.151557
2024-01-27,USD,EUR,0.922724
2024-01-27,USD,GBP,0.79618
2024-01-27,USD,EGP,48.482179
2024-01-28,USD,EUR,0.917528
2024-01-28,USD,GBP,0.789866
2024-01-28,USD,EGP,48.607995
2024-01-29,USD,EUR,0.915786
2024-01-29,USD,GBP,0.788039
2024-01-29,USD,EGP,48.854396
2024-01-30,USD,EUR,0.916783
2024-01-30,USD,GBP,0.795226
2024-01-30,USD,EGP,48.283968
2024-01-31,USD,EUR,0.928604
2024-01-31,USD,GBP,0.786738
2024-01-31,USD,EGP,48.289431
2024-02-01,USD,EUR,0.918502
2024-02-01,USD,GBP,0.797537
2024-02-01,USD,EGP,48.601194
2024-02-02,USD,EUR,0.928695
2024-02-02,USD,GBP,0.793605
2024-02-02,USD,EGP,48.875884
2024-02-03,USD,EUR,0.91892
2024-02-03,USD,GBP,0.789625
2024-02-03,USD,EGP,48.629563
2024-02-04,USD,EUR,0.916058
2024-02-04,USD,GBP,0.794632
2024-02-04,USD,EGP,48.528766
2024-02-05,USD,EUR,0.923252
2024-02-05,USD,GBP,0.789036
2024-02-05,USD,EGP,48.375565
2024-02-06,USD,EUR,0.925917
2024-02-06,USD,GBP,0.787894
2024-02-06,USD,EGP,48.767457
2024-02-07,USD,EUR,0.921505
2024-02-07,USD,GBP,0.786477
2024-02-07,USD,EGP,48.449988
2024-02-08,USD,EUR,0.915254
2024-02-08,USD,GBP,0.788198
2024-02-08,USD,EGP,48.675981
2024-02-09,USD,EUR,0.926393
2024-02-09,USD,GBP,0.791847
2024-02-09,USD,EGP,48.557708
2024-02-10,USD,EUR,0.917483
2024-02-10,USD,GBP,0.788396
2024-02-10,USD,EGP,48.155058
2024-02-11,USD,EUR,0.923073
2024-02-11,USD,GBP,0.78985
2024-02-11,USD,EGP,48.873324
2024-02-12,USD,EUR,0.916803
2024-02-12,USD,GBP,0.783466
2024-02-12,USD,EGP,48.467913
2024-02-13,USD,EUR,0.920557
2024-02-13,USD,GBP,0.7859
2024-02-13,USD,EGP,48.979051
2024-02-14,USD,EUR,0.91205
2024-02-14,USD,GBP,0.786597
2024-02-14,USD,EGP,48.890213
2024-02-15,USD,EUR,0.923039
2024-02-15,USD,GBP,0.789073
2024-02-15,USD,EGP,48.446597
2024-02-16,USD,EUR,0.9183
2024-02-16,USD,GBP,0.78521
2024-02-16,USD,EGP,48.4474
2024-02-17,USD,EUR,0.924068
2024-02-17,USD,GBP,0.797174
2024-02-17,USD,EGP,48.98273
2024-02-18,USD,EUR,0.914356
2024-02-18,USD,GBP,0.790377
2024-02-18,USD,EGP,48.440677
2024-02-19,USD,EUR,0.925079
2024-02-19,USD,GBP,0.797893
2024-02-19,USD,EGP,48.810838
2024-02-20,USD,EUR,0.91995
2024-02-20,USD,GBP,0.795904
2024-02-20,USD,EGP,48.935487
2024-02-21,USD,EUR,0.928623
2024-02-21,USD,GBP,0.795923
2024-02-21,USD,EGP,48.662345
2024-02-22,USD,EUR,0.920102
2024-02-22,USD,GBP,0.790347
2024-02-22,USD,EGP,48.385558
2024-02-23,USD,EUR,0.923084
2024-02-23,USD,GBP,0.794467
2024-02-23,USD,EGP,48.723514
2024-02-24,USD,EUR,0.914015
2024-02-24,USD,GBP,0.782245
2024-02-24,USD,EGP,48.680467
2024-02-25,USD,EUR,0.91136
2024-02-25,USD,GBP,0.795064
2024-02-25,USD,EGP,48.329674
2024-02-26,USD,EUR,0.920644
2024-02-26,USD,GBP,0.786777
2024-02-26,USD,EGP,48.18518
2024-02-27,USD,EUR,0.925942
2024-02-27,USD,GBP,0.788503
2024-02-27,USD,EGP,48.269011
2024-02-28,USD,EUR,0.918288
2024-02-28,USD,GBP,0.783564
2024-02-28,USD,EGP,48.714594
2024-02-29,USD,EUR,0.926579
2024-02-29,USD,GBP,0.794296
2024-02-29,USD,EGP,48.350754
2024-03-01,USD,EUR,0.91238
2024-03-01,USD,GBP,0.783106
2024-03-01,USD,EGP,48.880404
2024-03-02,USD,EUR,0.923251
2024-03-02,USD,GBP,0.785788
2024-03-02,USD,EGP,48.520629
2024-03-03,USD,EUR,0.922367
2024-03-03,USD,GBP,0.790028
2024-03-03,USD,EGP,48.831501
2024-03-04,USD,EUR,0.922273
2024-03-04,USD,GBP,0.7905
2024-03-04,USD,EGP,48.820922
2024-03-05,USD,EUR,0.918715
2024-03-05,USD,GBP,0.790142
2024-03-05,USD,EGP,48.320478
2024-03-06,USD,EUR,0.912788
2024-03-06,USD,GBP,0.792196
2024-03-06,USD,EGP,48.4386
2024-03-07,USD,EUR,0.918341
2024-03-07,USD,GBP,0.782938
2024-03-07,USD,EGP,48.780018
2024-03-08,USD,EUR,0.919892
2024-03-08,USD,GBP,0.794738
2024-03-08,USD,EGP,48.730827
2024-03-09,USD,EUR,0.921227
2024-03-09,USD,GBP,0.791803
2024-03-09,USD,EGP,48.46422
2024-03-10,USD,EUR,0.912769
2024-03-10,USD,GBP,0.796279
2024-03-10,USD,EGP,48.682086
2024-03-11,USD,EUR,0.9176
2024-03-11,USD,GBP,0.7958
2024-03-11,USD,EGP,48.193458
2024-03-12,USD,EUR,0.916472
2024-03-12,USD,GBP,0.79376
2024-03-12,USD,EGP,48.270074
2024-03-13,USD,EUR,0.9179
2024-03-13,USD,GBP,0.796329
2024-03-13,USD,EGP,48.339803
2024-03-14,USD,EUR,0.923464
2024-03-14,USD,GBP,0.796876
2024-03-14,USD,EGP,48.598063
2024-03-15,USD,EUR,0.924016
2024-03-15,USD,GBP,0.790968
2024-03-15,USD,EGP,48.952018
2024-03-16,USD,EUR,0.928613
2024-03-16,USD,GBP,0.785191
2024-03-16,USD,EGP,48.322652
2024-03-17,USD,EUR,0.917781
2024-03-17,USD,GBP,0.785868
2024-03-17,USD,EGP,48.020514
2024-03-18,USD,EUR,0.925819
2024-03-18,USD,GBP,0.784614
2024-03-18,USD,EGP,48.872126
2024-03-19,USD,EUR,0.923985
2024-03-19,USD,GBP,0.783404
2024-03-19,USD,EGP,48.647935
2024-03-20,USD,EUR,0.920009
2024-03-20,USD,GBP,0.783046
2024-03-20,USD,EGP,48.094796
2024-03-21,USD,EUR,0.915916
2024-03-21,USD,GBP,0.790298
2024-03-21,USD,EGP,48.045919
2024-03-22,USD,EUR,0.924872
2024-03-22,USD,GBP,0.79053
2024-03-22,USD,EGP,48.444558
2024-03-23,USD,EUR,0.923418
2024-03-23,USD,GBP,0.794986
2024-03-23,USD,EGP,48.33788
2024-03-24,USD,EUR,0.919018
2024-03-24,USD,GBP,0.789777
2024-03-24,USD,EGP,48.29641
2024-03-25,USD,EUR,0.922672
2024-03-25,USD,GBP,0.784465
2024-03-25,USD,EGP,48.190058
2024-03-26,USD,EUR,0.927055
2024-03-26,USD,GBP,0.783179
2024-03-26,USD,EGP,48.138572
2024-03-27,USD,EUR,0.922989
2024-03-27,USD,GBP,0.797897
2024-03-27,USD,EGP,48.548303
2024-03-28,USD,EUR,0.925949
2024-03-28,USD,GBP,0.785909
2024-03-28,USD,EGP,48.39352
2024-03-29,USD,EUR,0.925737
2024-03-29,USD,GBP,0.79778
2024-03-29,USD,EGP,48.619969
2024-03-30,USD,EUR,0.915381
2024-03-30,USD,GBP,0.791384
2024-03-30,USD,EGP,48.636901
2024-03-31,USD,EUR,0.920448
2024-03-31,USD,GBP,0.788263
2024-03-31,USD,EGP,48.515469
2024-04-01,USD,EUR,0.924671
2024-04-01,USD,GBP,0.78536
2024-04-01,USD,EGP,48.5753
2024-04-02,USD,EUR,0.925182
2024-04-02,USD,GBP,0.796202
2024-04-02,USD,EGP,48.510161
2024-04-03,USD,EUR,0.924728
2024-04-03,USD,GBP,0.788846
2024-04-03,USD,EGP,48.47496
2024-04-04,USD,EUR,0.927373
2024-04-04,USD,GBP,0.785095
2024-04-04,USD,EGP,48.066732
2024-04-05,USD,EUR,0.913443
2024-04-05,USD,GBP,0.796553
2024-04-05,USD,EGP,48.395602
2024-04-06,USD,EUR,0.922027
2024-04-06,USD,GBP,0.78647
2024-04-06,USD,EGP,48.562045
2024-04-07,USD,EUR,0.928785
2024-04-07,USD,GBP,0.793575
2024-04-07,USD,EGP,48.598841
2024-04-08,USD,EUR,0.917785
2024-04-08,USD,GBP,0.796794
2024-04-08,USD,EGP,48.042254
2024-04-09,USD,EUR,0.916263
2024-04-09,USD,GBP,0.790386
2024-04-09,USD,EGP,48.959438
2024-04-10,USD,EUR,0.925821
2024-04-10,USD,GBP,0.784423
2024-04-10,USD,EGP,48.834232
2024-04-11,USD,EUR,0.916155
2024-04-11,USD,GBP,0.793484
2024-04-11,USD,EGP,48.33665
2024-04-12,USD,EUR,0.927281
2024-04-12,USD,GBP,0.796668
2024-04-12,USD,EGP,48.587547
2024-04-13,USD,EUR,0.919994
2024-04-13,USD,GBP,0.797678
2024-04-13,USD,EGP,48.274876
2024-04-14,USD,EUR,0.91633
2024-04-14,USD,GBP,0.796445
2024-04-14,USD,EGP,48.95577
2024-04-15,USD,EUR,0.912311
2024-04-15,USD,GBP,0.7936
2024-04-15,USD,EGP,48.67879
2024-04-16,USD,EUR,0.925459
2024-04-16,USD,GBP,0.79296
2024-04-16,USD,EGP,48.056593
2024-04-17,USD,EUR,0.928222
2024-04-17,USD,GBP,0.789345
2024-04-17,USD,EGP,48.583332
2024-04-18,USD,EUR,0.923413
2024-04-18,USD,GBP,0.79517
2024-04-18,USD,EGP,48.586225
2024-04-19,USD,EUR,0.912494
2024-04-19,USD,GBP,0.783364
2024-04-19,USD,EGP,48.149236
2024-04-20,USD,EUR,0.914143
2024-04-20,USD,GBP,0.79398
2024-04-20,USD,EGP,48.345997
2024-04-21,USD,EUR,0.912573
2024-04-21,USD,GBP,0.784288
2024-04-21,USD,EGP,48.679212
2024-04-22,USD,EUR,0.917313
2024-04-22,USD,GBP,0.785421
2024-04-22,USD,EGP,48.509339
2024-04-23,USD,EUR,0.91139
2024-04-23,USD,GBP,0.786692
2024-04-23,USD,EGP,48.119929
2024-04-24,USD,EUR,0.917934
2024-04-24,USD,GBP,0.787344
2024-04-24,USD,EGP,48.981358
2024-04-25,USD,EUR,0.919789
2024-04-25,USD,GBP,0.782119
2024-04-25,USD,EGP,48.536302
2024-04-26,USD,EUR,0.927471
2024-04-26,USD,GBP,0.789971
2024-04-26,USD,EGP,48.375635
2024-04-27,USD,EUR,0.922107
2024-04-27,USD,GBP,0.793964
2024-04-27,USD,EGP,48.214473
2024-04-28,USD,EUR,0.913715
2024-04-28,USD,GBP,0.793561
2024-04-28,USD,EGP,48.040786
2024-04-29,USD,EUR,0.915251
2024-04-29,USD,GBP,0.79411
2024-04-29,USD,EGP,48.465365
2024-04-30,USD,EUR,0.924544
2024-04-30,USD,GBP,0.785889
2024-04-30,USD,EGP,48.428371
2024-05-01,USD,EUR,0.928374
2024-05-01,USD,GBP,0.796014
2024-05-01,USD,EGP,48.31529
2024-05-02,USD,EUR,0.915808
2024-05-02,USD,GBP,0.792146
2024-05-02,USD,EGP,48.090299
2024-05-03,USD,EUR,0.911938
2024-05-03,USD,GBP,0.794827
2024-05-03,USD,EGP,48.217596
2024-05-04,USD,EUR,0.914816
2024-05-04,USD,GBP,0.785765
2024-05-04,USD,EGP,48.918742
2024-05-05,USD,EUR,0.925668
2024-05-05,USD,GBP,0.794914
2024-05-05,USD,EGP,48.250425
2024-05-06,USD,EUR,0.923961
2024-05-06,USD,GBP,0.797245
2024-05-06,USD,EGP,48.481671
2024-05-07,USD,EUR,0.911814
2024-05-07,USD,GBP,0.787717
2024-05-07,USD,EGP,48.347569
2024-05-08,USD,EUR,0.914002
2024-05-08,USD,GBP,0.791911
2024-05-08,USD,EGP,48.873885
2024-05-09,USD,EUR,0.915908
2024-05-09,USD,GBP,0.787492
2024-05-09,USD,EGP,48.945972
2024-05-10,USD,EUR,0.91852
2024-05-10,USD,GBP,0.784447
2024-05-10,USD,EGP,48.278292
2024-05-11,USD,EUR,0.912514
2024-05-11,USD,GBP,0.784252
2024-05-11,USD,EGP,48.660344
2024-05-12,USD,EUR,0.912271
2024-05-12,USD,GBP,0.78772
2024-05-12,USD,EGP,48.96603
2024-05-13,USD,EUR,0.928134
2024-05-13,USD,GBP,0.790029
2024-05-13,USD,EGP,48.519108
2024-05-14,USD,EUR,0.924332
2024-05-14,USD,GBP,0.784761
2024-05-14,USD,EGP,48.214823
2024-05-15,USD,EUR,0.91958
2024-05-15,USD,GBP,0.783988
2024-05-15,USD,EGP,48.122736
2024-05-16,USD,EUR,0.927786
2024-05-16,USD,GBP,0.79424
2024-05-16,USD,EGP,48.468347
2024-05-17,USD,EUR,0.922999
2024-05-17,USD,GBP,0.789218
2024-05-17,USD,EGP,48.071739
2024-05-18,USD,EUR,0.919967
2024-05-18,USD,GBP,0.791893
2024-05-18,USD,EGP,48.669415
2024-05-19,USD,EUR,0.928696
2024-05-19,USD,GBP,0.792401
2024-05-19,USD,EGP,48.643101
2024-05-20,USD,EUR,0.926286
2024-05-20,USD,GBP,0.786842
2024-05-20,USD,EGP,48.885715
2024-05-21,USD,EUR,0.925853
2024-05-21,USD,GBP,0.786847
2024-05-21,USD,EGP,48.815951
2024-05-22,USD,EUR,0.919428
2024-05-22,USD,GBP,0.792435
2024-05-22,USD,EGP,48.949854
2024-05-23,USD,EUR,0.912077
2024-05-23,USD,GBP,0.785743
2024-05-23,USD,EGP,48.121871
2024-05-24,USD,EUR,0.925672
2024-05-24,USD,GBP,0.793055
2024-05-24,USD,EGP,48.417759
2024-05-25,USD,EUR,0.920486
2024-05-25,USD,GBP,0.789786
2024-05-25,USD,EGP,48.128603
2024-05-26,USD,EUR,0.911563
2024-05-26,USD,GBP,0.786816
2024-05-26,USD,EGP,48.390588
2024-05-27,USD,EUR,0.91624
2024-05-27,USD,GBP,0.791602
2024-05-27,USD,EGP,48.793309
2024-05-28,USD,EUR,0.927103
2024-05-28,USD,GBP,0.791136
2024-05-28,USD,EGP,48.286365
2024-05-29,USD,EUR,0.918665
2024-05-29,USD,GBP,0.78663
2024-05-29,USD,EGP,48.513143
2024-05-30,USD,EUR,0.923841
2024-05-30,USD,GBP,0.794858
2024-05-30,USD,EGP,48.791307
2024-05-31,USD,EUR,0.911068
2024-05-31,USD,GBP,0.795639
2024-05-31,USD,EGP,48.553146
2024-06-01,USD,EUR,0.917147
2024-06-01,USD,GBP,0.79335
2024-06-01,USD,EGP,48.146184
2024-06-02,USD,EUR,0.914303
2024-06-02,USD,GBP,0.785062
2024-06-02,USD,EGP,48.793792
2024-06-03,USD,EUR,0.917239
2024-06-03,USD,GBP,0.795347
2024-06-03,USD,EGP,48.491149
2024-06-04,USD,EUR,0.912105
2024-06-04,USD,GBP,0.784543
2024-06-04,USD,EGP,48.311525
2024-06-05,USD,EUR,0.912832
2024-06-05,USD,GBP,0.782206
2024-06-05,USD,EGP,48.243272
2024-06-06,USD,EUR,0.925175
2024-06-06,USD,GBP,0.794963
2024-06-06,USD,EGP,48.916467
2024-06-07,USD,EUR,0.9203
2024-06-07,USD,GBP,0.795399
2024-06-07,USD,EGP,48.045081
2024-06-08,USD,EUR,0.915389
2024-06-08,USD,GBP,0.797519
2024-06-08,USD,EGP,48.920758
2024-06-09,USD,EUR,0.927192
2024-06-09,USD,GBP,0.793382
2024-06-09,USD,EGP,48.313337
2024-06-10,USD,EUR,0.928543
2024-06-10,USD,GBP,0.782761
2024-06-10,USD,EGP,48.644198
2024-06-11,USD,EUR,0.925968
2024-06-11,USD,GBP,0.791245
2024-06-11,USD,EGP,48.616884
2024-06-12,USD,EUR,0.924198
2024-06-12,USD,GBP,0.792896
2024-06-12,USD,EGP,48.12849
2024-06-13,USD,EUR,0.925919
2024-06-13,USD,GBP,0.792576
2024-06-13,USD,EGP,48.807829
2024-06-14,USD,EUR,0.91486
2024-06-14,USD,GBP,0.792561
2024-06-14,USD,EGP,48.704886
2024-06-15,USD,EUR,0.917157
2024-06-15,USD,GBP,0.784368
2024-06-15,USD,EGP,48.578716
2024-06-16,USD,EUR,0.925303
2024-06-16,USD,GBP,0.78482
2024-06-16,USD,EGP,48.878015
2024-06-17,USD,EUR,0.926662
2024-06-17,USD,GBP,0.796046
2024-06-17,USD,EGP,48.973192
2024-06-18,USD,EUR,0.919477
2024-06-18,USD,GBP,0.792946
2024-06-18,USD,EGP,48.946717
2024-06-19,USD,EUR,0.911538
2024-06-19,USD,GBP,0.795878
2024-06-19,USD,EGP,48.188418
2024-06-20,USD,EUR,0.928982
2024-06-20,USD,GBP,0.787771
2024-06-20,USD,EGP,48.142319
2024-06-21,USD,EUR,0.913869
2024-06-21,USD,GBP,0.79066
2024-06-21,USD,EGP,48.242986
2024-06-22,USD,EUR,0.92402
2024-06-22,USD,GBP,0.788159
2024-06-22,USD,EGP,48.758348
2024-06-23,USD,EUR,0.920536
2024-06-23,USD,GBP,0.790448
2024-06-23,USD,EGP,48.297722
2024-06-24,USD,EUR,0.917847
2024-06-24,USD,GBP,0.795519
2024-06-24,USD,EGP,48.12804
2024-06-25,USD,EUR,0.926425
2024-06-25,USD,GBP,0.795759
2024-06-25,USD,EGP,48.292428
2024-06-26,USD,EUR,0.926685
2024-06-26,USD,GBP,0.784965
2024-06-26,USD,EGP,48.799583
2024-06-27,USD,EUR,0.92597
2024-06-27,USD,GBP,0.796271
2024-06-27,USD,EGP,48.610434
2024-06-28,USD,EUR,0.912633
2024-06-28,USD,GBP,0.784024
2024-06-28,USD,EGP,48.487477
2024-06-29,USD,EUR,0.921246
2024-06-29,USD,GBP,0.794591
2024-06-29,USD,EGP,48.421153
2024-06-30,USD,EUR,0.911873
2024-06-30,USD,GBP,0.788466
2024-06-30,USD,EGP,48.529928
2024-07-01,USD,EUR,0.924189
2024-07-01,USD,GBP,0.787868
2024-07-01,USD,EGP,48.710462
2024-07-02,USD,EUR,0.925131
2024-07-02,USD,GBP,0.784988
2024-07-02,USD,EGP,48.934705
2024-07-03,USD,EUR,0.914422
2024-07-03,USD,GBP,0.788811
2024-07-03,USD,EGP,48.246466
2024-07-04,USD,EUR,0.928967
2024-07-04,USD,GBP,0.782941
2024-07-04,USD,EGP,48.683058
2024-07-05,USD,EUR,0.927355
2024-07-05,USD,GBP,0.787476
2024-07-05,USD,EGP,48.397103
2024-07-06,USD,EUR,0.928598
2024-07-06,USD,GBP,0.785248
2024-07-06,USD,EGP,48.734732
2024-07-07,USD,EUR,0.925237
2024-07-07,USD,GBP,0.797129
2024-07-07,USD,EGP,48.920179
2024-07-08,USD,EUR,0.923588
2024-07-08,USD,GBP,0.787622
2024-07-08,USD,EGP,48.833984
2024-07-09,USD,EUR,0.915867
2024-07-09,USD,GBP,0.783491
2024-07-09,USD,EGP,48.956439
2024-07-10,USD,EUR,0.918665
2024-07-10,USD,GBP,0.794956
2024-07-10,USD,EGP,48.769588
2024-07-11,USD,EUR,0.922497
2024-07-11,USD,GBP,0.787061
2024-07-11,USD,EGP,48.885409
2024-07-12,USD,EUR,0.917821
2024-07-12,USD,GBP,0.788668
2024-07-12,USD,EGP,48.467805
2024-07-13,USD,EUR,0.925028
2024-07-13,USD,GBP,0.796831
2024-07-13,USD,EGP,48.725074
2024-07-14,USD,EUR,0.91548
2024-07-14,USD,GBP,0.791802
2024-07-14,USD,EGP,48.924781
2024-07-15,USD,EUR,0.915916
2024-07-15,USD,GBP,0.793386
2024-07-15,USD,EGP,48.310862
2024-07-16,USD,EUR,0.911119
2024-07-16,USD,GBP,0.796866
2024-07-16,USD,EGP,48.825338
2024-07-17,USD,EUR,0.926199
2024-07-17,USD,GBP,0.783834
2024-07-17,USD,EGP,48.752241
2024-07-18,USD,EUR,0.928524
2024-07-18,USD,GBP,0.786257
2024-07-18,USD,EGP,48.448926
2024-07-19,USD,EUR,0.91579
2024-07-19,USD,GBP,0.79366
2024-07-19,USD,EGP,48.031725
2024-07-20,USD,EUR,0.919535
2024-07-20,USD,GBP,0.790121
2024-07-20,USD,EGP,48.187943
2024-07-21,USD,EUR,0.928443
2024-07-21,USD,GBP,0.784427
2024-07-21,USD,EGP,48.836668
2024-07-22,USD,EUR,0.928124
2024-07-22,USD,GBP,0.792925
2024-07-22,USD,EGP,48.68411
2024-07-23,USD,EUR,0.914907
2024-07-23,USD,GBP,0.788854
2024-07-23,USD,EGP,48.762488
2024-07-24,USD,EUR,0.913826
2024-07-24,USD,GBP,0.793639
2024-07-24,USD,EGP,48.859797
2024-07-25,USD,EUR,0.914647
2024-07-25,USD,GBP,0.785818
2024-07-25,USD,EGP,48.334617
2024-07-26,USD,EUR,0.912927
2024-07-26,USD,GBP,0.78646
2024-07-26,USD,EGP,48.471593
2024-07-27,USD,EUR,0.91825
2024-07-27,USD,GBP,0.789397
2024-07-27,USD,EGP,48.984238
2024-07-28,USD,EUR,0.929176
2024-07-28,USD,GBP,0.789006
2024-07-28,USD,EGP,48.056031
2024-07-29,USD,EUR,0.922787
2024-07-29,USD,GBP,0.782665
2024-07-29,USD,EGP,48.875571
2024-07-30,USD,EUR,0.921812
2024-07-30,USD,GBP,0.795569
2024-07-30,USD,EGP,48.133904
2024-07-31,USD,EUR,0.927309
2024-07-31,USD,GBP,0.78467
2024-07-31,USD,EGP,48.724779
2024-08-01,USD,EUR,0.919992
2024-08-01,USD,GBP,0.793984
2024-08-01,USD,EGP,48.619455
2024-08-02,USD,EUR,0.922309
2024-08-02,USD,GBP,0.785357
2024-08-02,USD,EGP,48.307339
2024-08-03,USD,EUR,0.923031
2024-08-03,USD,GBP,0.783447
2024-08-03,USD,EGP,48.06941
2024-08-04,USD,EUR,0.918064
2024-08-04,USD,GBP,0.791404
2024-08-04,USD,EGP,48.669845
2024-08-05,USD,EUR,0.928534
2024-08-05,USD,GBP,0.796247
2024-08-05,USD,EGP,48.098609
2024-08-06,USD,EUR,0.916689
2024-08-06,USD,GBP,0.793149
2024-08-06,USD,EGP,48.629358
2024-08-07,USD,EUR,0.92324
2024-08-07,USD,GBP,0.782856
2024-08-07,USD,EGP,48.033298
2024-08-08,USD,EUR,0.919649
2024-08-08,USD,GBP,0.789973
2024-08-08,USD,EGP,48.343313
2024-08-09,USD,EUR,0.916844
2024-08-09,USD,GBP,0.797062
2024-08-09,USD,EGP,48.22063
2024-08-10,USD,EUR,0.920165
2024-08-10,USD,GBP,0.794145
2024-08-10,USD,EGP,48.728336
2024-08-11,USD,EUR,0.920949
2024-08-11,USD,GBP,0.796916
2024-08-11,USD,EGP,48.491468
2024-08-12,USD,EUR,0.923041
2024-08-12,USD,GBP,0.790593
2024-08-12,USD,EGP,48.281377
2024-08-13,USD,EUR,0.917942
2024-08-13,USD,GBP,0.796839
2024-08-13,USD,EGP,48.325093
2024-08-14,USD,EUR,0.912739
2024-08-14,USD,GBP,0.785229
2024-08-14,USD,EGP,48.540423
2024-08-15,USD,EUR,0.9153
2024-08-15,USD,GBP,0.787897
2024-08-15,USD,EGP,48.97334
2024-08-16,USD,EUR,0.923244
2024-08-16,USD,GBP,0.795571
2024-08-16,USD,EGP,48.547685
2024-08-17,USD,EUR,0.91648
2024-08-17,USD,GBP,0.791835
2024-08-17,USD,EGP,48.171014
2024-08-18,USD,EUR,0.918214
2024-08-18,USD,GBP,0.786521
2024-08-18,USD,EGP,48.328484
2024-08-19,USD,EUR,0.911645
2024-08-19,USD,GBP,0.789525
2024-08-19,USD,EGP,48.800618
2024-08-20,USD,EUR,0.928494
2024-08-20,USD,GBP,0.789191
2024-08-20,USD,EGP,48.236683
2024-08-21,USD,EUR,0.926816
2024-08-21,USD,GBP,0.792545
2024-08-21,USD,EGP,48.079773
2024-08-22,USD,EUR,0.918569
2024-08-22,USD,GBP,0.785143
2024-08-22,USD,EGP,48.057895
2024-08-23,USD,EUR,0.916219
2024-08-23,USD,GBP,0.793544
2024-08-23,USD,EGP,48.563023
2024-08-24,USD,EUR,0.912326
2024-08-24,USD,GBP,0.789573
2024-08-24,USD,EGP,48.240966
2024-08-25,USD,EUR,0.922337
2024-08-25,USD,GBP,0.790537
2024-08-25,USD,EGP,48.867056
2024-08-26,USD,EUR,0.913837
2024-08-26,USD,GBP,0.792339
2024-08-26,USD,EGP,48.468841
2024-08-27,USD,EUR,0.918499
2024-08-27,USD,GBP,0.794338
2024-08-27,USD,EGP,48.720482
2024-08-28,USD,EUR,0.921941
2024-08-28,USD,GBP,0.791804
2024-08-28,USD,EGP,48.015256
2024-08-29,USD,EUR,0.923591
2024-08-29,USD,GBP,0.786851
2024-08-29,USD,EGP,48.505272
2024-08-30,USD,EUR,0.922139
2024-08-30,USD,GBP,0.788234
2024-08-30,USD,EGP,48.607403
2024-08-31,USD,EUR,0.917413
2024-08-31,USD,GBP,0.788466
2024-08-31,USD,EGP,48.830563
2024-09-01,USD,EUR,0.912363
2024-09-01,USD,GBP,0.793745
2024-09-01,USD,EGP,48.554441
2024-09-02,USD,EUR,0.920932
2024-09-02,USD,GBP,0.784149
2024-09-02,USD,EGP,48.099345
2024-09-03,USD,EUR,0.91112
2024-09-03,USD,GBP,0.789697
2024-09-03,USD,EGP,48.502583
2024-09-04,USD,EUR,0.916398
2024-09-04,USD,GBP,0.787805
2024-09-04,USD,EGP,48.799624
2024-09-05,USD,EUR,0.911211
2024-09-05,USD,GBP,0.78989
2024-09-05,USD,EGP,48.231516
2024-09-06,USD,EUR,0.914447
2024-09-06,USD,GBP,0.788063
2024-09-06,USD,EGP,48.124498
2024-09-07,USD,EUR,0.915618
2024-09-07,USD,GBP,0.795765
2024-09-07,USD,EGP,48.931028
2024-09-08,USD,EUR,0.920029
2024-09-08,USD,GBP,0.79145
2024-09-08,USD,EGP,48.973837
2024-09-09,USD,EUR,0.912538
2024-09-09,USD,GBP,0.792939
2024-09-09,USD,EGP,48.131475
2024-09-10,USD,EUR,0.919538
2024-09-10,USD,GBP,0.792319
2024-09-10,USD,EGP,48.544107
2024-09-11,USD,EUR,0.91481
2024-09-11,USD,GBP,0.796342
2024-09-11,USD,EGP,48.654795
2024-09-12,USD,EUR,0.925494
2024-09-12,USD,GBP,0.797258
2024-09-12,USD,EGP,48.923202
2024-09-13,USD,EUR,0.923082
2024-09-13,USD,GBP,0.784779
2024-09-13,USD,EGP,48.042791
2024-09-14,USD,EUR,0.92569
2024-09-14,USD,GBP,0.794232
2024-09-14,USD,EGP,48.879137
2024-09-15,USD,EUR,0.92135
2024-09-15,USD,GBP,0.78452
2024-09-15,USD,EGP,48.765545
2024-09-16,USD,EUR,0.920528
2024-09-16,USD,GBP,0.785902
2024-09-16,USD,EGP,48.025518
2024-09-17,USD,EUR,0.925516
2024-09-17,USD,GBP,0.787625
2024-09-17,USD,EGP,48.072289
2024-09-18,USD,EUR,0.923732
2024-09-18,USD,GBP,0.790818
2024-09-18,USD,EGP,48.461214
2024-09-19,USD,EUR,0.918265
2024-09-19,USD,GBP,0.797676
2024-09-19,USD,EGP,48.253244
2024-09-20,USD,EUR,0.924499
2024-09-20,USD,GBP,0.79185
2024-09-20,USD,EGP,48.712463
2024-09-21,USD,EUR,0.926666
2024-09-21,USD,GBP,0.79011
2024-09-21,USD,EGP,48.352548
2024-09-22,USD,EUR,0.915078
2024-09-22,USD,GBP,0.7976
2024-09-22,USD,EGP,48.902374
2024-09-23,USD,EUR,0.915216
2024-09-23,USD,GBP,0.78345
2024-09-23,USD,EGP,48.604733
2024-09-24,USD,EUR,0.924674
2024-09-24,USD,GBP,0.785045
2024-09-24,USD,EGP,48.718008
2024-09-25,USD,EUR,0.91381
2024-09-25,USD,GBP,0.789254
2024-09-25,USD,EGP,48.927492
2024-09-26,USD,EUR,0.927509
2024-09-26,USD,GBP,0.790096
2024-09-26,USD,EGP,48.218417
2024-09-27,USD,EUR,0.911666
2024-09-27,USD,GBP,0.791311
2024-09-27,USD,EGP,48.680021
2024-09-28,USD,EUR,0.925704
2024-09-28,USD,GBP,0.784275
2024-09-28,USD,EGP,48.943596
2024-09-29,USD,EUR,0.912254
2024-09-29,USD,GBP,0.790899
2024-09-29,USD,EGP,48.389529
2024-09-30,USD,EUR,0.919518
2024-09-30,USD,GBP,0.796298
2024-09-30,USD,EGP,48.491344
2024-10-01,USD,EUR,0.923045
2024-10-01,USD,GBP,0.783983
2024-10-01,USD,EGP,48.23413
2024-10-02,USD,EUR,0.9116
2024-10-02,USD,GBP,0.782942
2024-10-02,USD,EGP,48.903913
2024-10-03,USD,EUR,0.92684
2024-10-03,USD,GBP,0.789001
2024-10-03,USD,EGP,48.498163
2024-10-04,USD,EUR,0.916676
2024-10-04,USD,GBP,0.794058
2024-10-04,USD,EGP,48.26886
2024-10-05,USD,EUR,0.919517
2024-10-05,USD,GBP,0.791791
2024-10-05,USD,EGP,48.501911
2024-10-06,USD,EUR,0.922555
2024-10-06,USD,GBP,0.782191
2024-10-06,USD,EGP,48.783629
2024-10-07,USD,EUR,0.91132
2024-10-07,USD,GBP,0.782343
2024-10-07,USD,EGP,48.816379
2024-10-08,USD,EUR,0.914989
2024-10-08,USD,GBP,0.783032
2024-10-08,USD,EGP,48.828038
2024-10-09,USD,EUR,0.922543
2024-10-09,USD,GBP,0.793499
2024-10-09,USD,EGP,48.282998
2024-10-10,USD,EUR,0.920875
2024-10-10,USD,GBP,0.782391
2024-10-10,USD,EGP,48.903238
2024-10-11,USD,EUR,0.912266
2024-10-11,USD,GBP,0.793581
2024-10-11,USD,EGP,48.885322
2024-10-12,USD,EUR,0.926158
2024-10-12,USD,GBP,0.794279
2024-10-12,USD,EGP,48.568597
2024-10-13,USD,EUR,0.912805
2024-10-13,USD,GBP,0.792536
2024-10-13,USD,EGP,48.556816
2024-10-14,USD,EUR,0.924169
2024-10-14,USD,GBP,0.783333
2024-10-14,USD,EGP,48.160496
2024-10-15,USD,EUR,0.924929
2024-10-15,USD,GBP,0.796937
2024-10-15,USD,EGP,48.27357
2024-10-16,USD,EUR,0.915396
2024-10-16,USD,GBP,0.789183
2024-10-16,USD,EGP,48.422891
2024-10-17,USD,EUR,0.916118
2024-10-17,USD,GBP,0.788063
2024-10-17,USD,EGP,48.517177
2024-10-18,USD,EUR,0.927723
2024-10-18,USD,GBP,0.796034
2024-10-18,USD,EGP,48.315943
2024-10-19,USD,EUR,0.92112
2024-10-19,USD,GBP,0.796154
2024-10-19,USD,EGP,48.377105
2024-10-20,USD,EUR,0.923464
2024-10-20,USD,GBP,0.790716
2024-10-20,USD,EGP,48.818703
2024-10-21,USD,EUR,0.914597
2024-10-21,USD,GBP,0.788375
2024-10-21,USD,EGP,48.333446
2024-10-22,USD,EUR,0.924787
2024-10-22,USD,GBP,0.786991
2024-10-22,USD,EGP,48.872443
2024-10-23,USD,EUR,0.927921
2024-10-23,USD,GBP,0.792047
2024-10-23,USD,EGP,48.587835
2024-10-24,USD,EUR,0.916164
2024-10-24,USD,GBP,0.78939
2024-10-24,USD,EGP,48.980607
2024-10-25,USD,EUR,0.912984
2024-10-25,USD,GBP,0.785025
2024-10-25,USD,EGP,48.668101
2024-10-26,USD,EUR,0.924671
2024-10-26,USD,GBP,0.795778
2024-10-26,USD,EGP,48.7797
2024-10-27,USD,EUR,0.914899
2024-10-27,USD,GBP,0.79035
2024-10-27,USD,EGP,48.142364
2024-10-28,USD,EUR,0.924524
2024-10-28,USD,GBP,0.787591
2024-10-28,USD,EGP,48.13265
2024-10-29,USD,EUR,0.91945
2024-10-29,USD,GBP,0.792134
2024-10-29,USD,EGP,48.770439
2024-10-30,USD,EUR,0.917766
2024-10-30,USD,GBP,0.796113
2024-10-30,USD,EGP,48.146548
2024-10-31,USD,EUR,0.918218
2024-10-31,USD,GBP,0.792899
2024-10-31,USD,EGP,48.577863
2024-11-01,USD,EUR,0.917885
2024-11-01,USD,GBP,0.795464
2024-11-01,USD,EGP,48.833597
2024-11-02,USD,EUR,0.92685
2024-11-02,USD,GBP,0.793614
2024-11-02,USD,EGP,48.963742
2024-11-03,USD,EUR,0.926795
2024-11-03,USD,GBP,0.79275
2024-11-03,USD,EGP,48.669819
2024-11-04,USD,EUR,0.920044
2024-11-04,USD,GBP,0.792118
2024-11-04,USD,EGP,48.69015
2024-11-05,USD,EUR,0.917734
2024-11-05,USD,GBP,0.789304
2024-11-05,USD,EGP,48.892965
2024-11-06,USD,EUR,0.916255
2024-11-06,USD,GBP,0.790617
2024-11-06,USD,EGP,48.426492
2024-11-07,USD,EUR,0.926254
2024-11-07,USD,GBP,0.789209
2024-11-07,USD,EGP,48.6587
2024-11-08,USD,EUR,0.916683
2024-11-08,USD,GBP,0.796456
2024-11-08,USD,EGP,48.465059
2024-11-09,USD,EUR,0.91878
2024-11-09,USD,GBP,0.78548
2024-11-09,USD,EGP,48.660415
2024-11-10,USD,EUR,0.925625
2024-11-10,USD,GBP,0.79011
2024-11-10,USD,EGP,48.05306
2024-11-11,USD,EUR,0.919308
2024-11-11,USD,GBP,0.782637
2024-11-11,USD,EGP,48.805514
2024-11-12,USD,EUR,0.92045
2024-11-12,USD,GBP,0.785136
2024-11-12,USD,EGP,48.72407
2024-11-13,USD,EUR,0.925158
2024-11-13,USD,GBP,0.785813
2024-11-13,USD,EGP,48.888855
2024-11-14,USD,EUR,0.921213
2024-11-14,USD,GBP,0.786509
2024-11-14,USD,EGP,48.764158
2024-11-15,USD,EUR,0.923518
2024-11-15,USD,GBP,0.79674
2024-11-15,USD,EGP,48.71233
2024-11-16,USD,EUR,0.918786
2024-11-16,USD,GBP,0.790986
2024-11-16,USD,EGP,48.407208
2024-11-17,USD,EUR,0.917016
2024-11-17,USD,GBP,0.782925
2024-11-17,USD,EGP,48.253508
2024-11-18,USD,EUR,0.925871
2024-11-18,USD,GBP,0.796394
2024-11-18,USD,EGP,48.372039
2024-11-19,USD,EUR,0.926258
2024-11-19,USD,GBP,0.782148
2024-11-19,USD,EGP,48.736126
2024-11-20,USD,EUR,0.917413
2024-11-20,USD,GBP,0.783385
2024-11-20,USD,EGP,48.461112
2024-11-21,USD,EUR,0.926952
2024-11-21,USD,GBP,0.78542
2024-11-21,USD,EGP,48.079708
2024-11-22,USD,EUR,0.914809
2024-11-22,USD,GBP,0.792183
2024-11-22,USD,EGP,48.513537
2024-11-23,USD,EUR,0.918874
2024-11-23,USD,GBP,0.790955
2024-11-23,USD,EGP,48.17743
2024-11-24,USD,EUR,0.922366
2024-11-24,USD,GBP,0.7904
2024-11-24,USD,EGP,48.029604
2024-11-25,USD,EUR,0.913825
2024-11-25,USD,GBP,0.793385
2024-11-25,USD,EGP,48.6709
2024-11-26,USD,EUR,0.913678
2024-11-26,USD,GBP,0.792474
2024-11-26,USD,EGP,48.351121
2024-11-27,USD,EUR,0.925101
2024-11-27,USD,GBP,0.795856
2024-11-27,USD,EGP,48.499927
2024-11-28,USD,EUR,0.92218
2024-11-28,USD,GBP,0.785544
2024-11-28,USD,EGP,48.511705
2024-11-29,USD,EUR,0.92069
2024-11-29,USD,GBP,0.789971
2024-11-29,USD,EGP,48.678168
2024-11-30,USD,EUR,0.918871
2024-11-30,USD,GBP,0.793664
2024-11-30,USD,EGP,48.718846
2024-12-01,USD,EUR,0.926119
2024-12-01,USD,GBP,0.792722
2024-12-01,USD,EGP,48.775191
2024-12-02,USD,EUR,0.910987
2024-12-02,USD,GBP,0.784113
2024-12-02,USD,EGP,48.679439
2024-12-03,USD,EUR,0.922746
2024-12-03,USD,GBP,0.787564
2024-12-03,USD,EGP,48.288575
2024-12-04,USD,EUR,0.925022
2024-12-04,USD,GBP,0.786739
2024-12-04,USD,EGP,48.091374
2024-12-05,USD,EUR,0.92601
2024-12-05,USD,GBP,0.787002
2024-12-05,USD,EGP,48.839558
2024-12-06,USD,EUR,0.910856
2024-12-06,USD,GBP,0.790726
2024-12-06,USD,EGP,48.877999
2024-12-07,USD,EUR,0.920759
2024-12-07,USD,GBP,0.788373
2024-12-07,USD,EGP,48.135324
2024-12-08,USD,EUR,0.92374
2024-12-08,USD,GBP,0.794021
2024-12-08,USD,EGP,48.168605
2024-12-09,USD,EUR,0.922018
2024-12-09,USD,GBP,0.792074
2024-12-09,USD,EGP,48.818864
2024-12-10,USD,EUR,0.917739
2024-12-10,USD,GBP,0.786146
2024-12-10,USD,EGP,48.424819
2024-12-11,USD,EUR,0.926079
2024-12-11,USD,GBP,0.797489
2024-12-11,USD,EGP,48.847587
2024-12-12,USD,EUR,0.928647
2024-12-12,USD,GBP,0.78606
2024-12-12,USD,EGP,48.420024
2024-12-13,USD,EUR,0.913399
2024-12-13,USD,GBP,0.793096
2024-12-13,USD,EGP,48.688288
2024-12-14,USD,EUR,0.918009
2024-12-14,USD,GBP,0.789291
2024-12-14,USD,EGP,48.273017
2024-12-15,USD,EUR,0.9201
2024-12-15,USD,GBP,0.788095
2024-12-15,USD,EGP,48.557854
2024-12-16,USD,EUR,0.919862
2024-12-16,USD,GBP,0.783417
2024-12-16,USD,EGP,48.706945
2024-12-17,USD,EUR,0.913425
2024-12-17,USD,GBP,0.783696
2024-12-17,USD,EGP,48.86331
2024-12-18,USD,EUR,0.918126
2024-12-18,USD,GBP,0.789191
2024-12-18,USD,EGP,48.076133
2024-12-19,USD,EUR,0.92673
2024-12-19,USD,GBP,0.783311
2024-12-19,USD,EGP,48.46614
2024-12-20,USD,EUR,0.919352
2024-12-20,USD,GBP,0.782215
2024-12-20,USD,EGP,48.777454
2024-12-21,USD,EUR,0.923971
2024-12-21,USD,GBP,0.791142
2024-12-21,USD,EGP,48.595624
2024-12-22,USD,EUR,0.923982
2024-12-22,USD,GBP,0.782812
2024-12-22,USD,EGP,48.800673
2024-12-23,USD,EUR,0.927545
2024-12-23,USD,GBP,0.795789
2024-12-23,USD,EGP,48.548812
2024-12-24,USD,EUR,0.923097
2024-12-24,USD,GBP,0.782453
2024-12-24,USD,EGP,48.1823
2024-12-25,USD,EUR,0.915258
2024-12-25,USD,GBP,0.79778
2024-12-25,USD,EGP,48.580144
2024-12-26,USD,EUR,0.918116
2024-12-26,USD,GBP,0.787048
2024-12-26,USD,EGP,48.200078
2024-12-27,USD,EUR,0.916549
2024-12-27,USD,GBP,0.783822
2024-12-27,USD,EGP,48.910771
2024-12-28,USD,EUR,0.912454
2024-12-28,USD,GBP,0.785859
2024-12-28,USD,EGP,48.102201
2024-12-29,USD,EUR,0.928768
2024-12-29,USD,GBP,0.796306
2024-12-29,USD,EGP,48.26406
2024-12-30,USD,EUR,0.912419
2024-12-30,USD,GBP,0.788542
2024-12-30,USD,EGP,48.93061
2024-12-31,USD,EUR,0.917502
2024-12-31,USD,GBP,0.787277
2024-12-31,USD,EGP,48.797372
2025-01-01,USD,EUR,0.914173
2025-01-01,USD,GBP,0.786008
2025-01-01,USD,EGP,48.215248
2025-01-02,USD,EUR,0.928914
2025-01-02,USD,GBP,0.787854
2025-01-02,USD,EGP,48.087744
2025-01-03,USD,EUR,0.925406
2025-01-03,USD,GBP,0.79403
2025-01-03,USD,EGP,48.738618
2025-01-04,USD,EUR,0.912403
2025-01-04,USD,GBP,0.792463
2025-01-04,USD,EGP,48.408988
2025-01-05,USD,EUR,0.911233
2025-01-05,USD,GBP,0.785203
2025-01-05,USD,EGP,48.208815
2025-01-06,USD,EUR,0.920231
2025-01-06,USD,GBP,0.793397
2025-01-06,USD,EGP,48.508702
2025-01-07,USD,EUR,0.916923
2025-01-07,USD,GBP,0.782961
2025-01-07,USD,EGP,48.924126
2025-01-08,USD,EUR,0.915619
2025-01-08,USD,GBP,0.787244
2025-01-08,USD,EGP,48.887325
2025-01-09,USD,EUR,0.916634
2025-01-09,USD,GBP,0.792393
2025-01-09,USD,EGP,48.077372
2025-01-10,USD,EUR,0.921227
2025-01-10,USD,GBP,0.788629
2025-01-10,USD,EGP,48.239073
2025-01-11,USD,EUR,0.915578
2025-01-11,USD,GBP,0.782411
2025-01-11,USD,EGP,48.396049
2025-01-12,USD,EUR,0.918807
2025-01-12,USD,GBP,0.788847
2025-01-12,USD,EGP,48.798858
2025-01-13,USD,EUR,0.925147
2025-01-13,USD,GBP,0.789682
2025-01-13,USD,EGP,48.507056
2025-01-14,USD,EUR,0.912623
2025-01-14,USD,GBP,0.795467
2025-01-14,USD,EGP,48.2718
2025-01-15,USD,EUR,0.916484
2025-01-15,USD,GBP,0.787506
2025-01-15,USD,EGP,48.280816
2025-01-16,USD,EUR,0.926556
2025-01-16,USD,GBP,0.790751
2025-01-16,USD,EGP,48.435205
2025-01-17,USD,EUR,0.924984
2025-01-17,USD,GBP,0.783124
2025-01-17,USD,EGP,48.81091
2025-01-18,USD,EUR,0.914776
2025-01-18,USD,GBP,0.796595
2025-01-18,USD,EGP,48.568618
2025-01-19,USD,EUR,0.923103
2025-01-19,USD,GBP,0.785202
2025-01-19,USD,EGP,48.355626
2025-01-20,USD,EUR,0.924727
2025-01-20,USD,GBP,0.795269
2025-01-20,USD,EGP,48.283969
2025-01-21,USD,EUR,0.928234
2025-01-21,USD,GBP,0.788082
2025-01-21,USD,EGP,48.217404
2025-01-22,USD,EUR,0.913623
2025-01-22,USD,GBP,0.793336
2025-01-22,USD,EGP,48.632872
2025-01-23,USD,EUR,0.918234
2025-01-23,USD,GBP,0.783654
2025-01-23,USD,EGP,48.892108
2025-01-24,USD,EUR,0.913464
2025-01-24,USD,GBP,0.789301
2025-01-24,USD,EGP,48.06269
2025-01-25,USD,EUR,0.916306
2025-01-25,USD,GBP,0.792457
2025-01-25,USD,EGP,48.115597
2025-01-26,USD,EUR,0.913983
2025-01-26,USD,GBP,0.794202
2025-01-26,USD,EGP,48.978387
2025-01-27,USD,EUR,0.925107
2025-01-27,USD,GBP,0.797572
2025-01-27,USD,EGP,48.243459
2025-01-28,USD,EUR,0.920303
2025-01-28,USD,GBP,0.79405
2025-01-28,USD,EGP,48.704986
2025-01-29,USD,EUR,0.924285
2025-01-29,USD,GBP,0.790962
2025-01-29,USD,EGP,48.573584
2025-01-30,USD,EUR,0.913711
2025-01-30,USD,GBP,0.782372
2025-01-30,USD,EGP,48.062238
2025-01-31,USD,EUR,0.921944
2025-01-31,USD,GBP,0.797802
2025-01-31,USD,EGP,48.848059
2025-02-01,USD,EUR,0.9152
2025-02-01,USD,GBP,0.792783
2025-02-01,USD,EGP,48.928852
2025-02-02,USD,EUR,0.922922
2025-02-02,USD,GBP,0.795028
2025-02-02,USD,EGP,48.791695
2025-02-03,USD,EUR,0.913138
2025-02-03,USD,GBP,0.791304
2025-02-03,USD,EGP,48.228428
2025-02-04,USD,EUR,0.92683
2025-02-04,USD,GBP,0.78887
2025-02-04,USD,EGP,48.48991
2025-02-05,USD,EUR,0.925251
2025-02-05,USD,GBP,0.783856
2025-02-05,USD,EGP,48.688543
2025-02-06,USD,EUR,0.927565
2025-02-06,USD,GBP,0.784768
2025-02-06,USD,EGP,48.299286
2025-02-07,USD,EUR,0.92136
2025-02-07,USD,GBP,0.783809
2025-02-07,USD,EGP,48.510537
2025-02-08,USD,EUR,0.924489
2025-02-08,USD,GBP,0.794312
2025-02-08,USD,EGP,48.017522
2025-02-09,USD,EUR,0.911289
2025-02-09,USD,GBP,0.784836
2025-02-09,USD,EGP,48.246818
2025-02-10,USD,EUR,0.920589
2025-02-10,USD,GBP,0.790195
2025-02-10,USD,EGP,48.89908
2025-02-11,USD,EUR,0.929068
2025-02-11,USD,GBP,0.791937
2025-02-11,USD,EGP,48.275206
2025-02-12,USD,EUR,0.912933
2025-02-12,USD,GBP,0.789903
2025-02-12,USD,EGP,48.101603
2025-02-13,USD,EUR,0.919083
2025-02-13,USD,GBP,0.784033
2025-02-13,USD,EGP,48.708841
2025-02-14,USD,EUR,0.918836
2025-02-14,USD,GBP,0.789865
2025-02-14,USD,EGP,48.800445
2025-02-15,USD,EUR,0.912546
2025-02-15,USD,GBP,0.784322
2025-02-15,USD,EGP,48.935357
2025-02-16,USD,EUR,0.926755
2025-02-16,USD,GBP,0.785847
2025-02-16,USD,EGP,48.932553
2025-02-17,USD,EUR,0.923738
2025-02-17,USD,GBP,0.791027
2025-02-17,USD,EGP,48.256438
2025-02-18,USD,EUR,0.914656
2025-02-18,USD,GBP,0.785359
2025-02-18,USD,EGP,48.89358
2025-02-19,USD,EUR,0.915349
2025-02-19,USD,GBP,0.788922
2025-02-19,USD,EGP,48.705493
2025-02-20,USD,EUR,0.920799
2025-02-20,USD,GBP,0.789374
2025-02-20,USD,EGP,48.148167
2025-02-21,USD,EUR,0.916524
2025-02-21,USD,GBP,0.787694
2025-02-21,USD,EGP,48.819108
2025-02-22,USD,EUR,0.911204
2025-02-22,USD,GBP,0.786408
2025-02-22,USD,EGP,48.916674
2025-02-23,USD,EUR,0.927559
2025-02-23,USD,GBP,0.782543
2025-02-23,USD,EGP,48.261075
2025-02-24,USD,EUR,0.915703
2025-02-24,USD,GBP,0.789152
2025-02-24,USD,EGP,48.496535
2025-02-25,USD,EUR,0.924711
2025-02-25,USD,GBP,0.78888
2025-02-25,USD,EGP,48.175818
2025-02-26,USD,EUR,0.923058
2025-02-26,USD,GBP,0.790605
2025-02-26,USD,EGP,48.090194
2025-02-27,USD,EUR,0.92277
2025-02-27,USD,GBP,0.786686
2025-02-27,USD,EGP,48.389581
2025-02-28,USD,EUR,0.913763
2025-02-28,USD,GBP,0.796595
2025-02-28,USD,EGP,48.403172
2025-03-01,USD,EUR,0.917707
2025-03-01,USD,GBP,0.791547
2025-03-01,USD,EGP,48.018791
2025-03-02,USD,EUR,0.920427
2025-03-02,USD,GBP,0.795582
2025-03-02,USD,EGP,48.291296
2025-03-03,USD,EUR,0.926745
2025-03-03,USD,GBP,0.797279
2025-03-03,USD,EGP,48.879782
2025-03-04,USD,EUR,0.922558
2025-03-04,USD,GBP,0.78904
2025-03-04,USD,EGP,48.238768
2025-03-05,USD,EUR,0.928665
2025-03-05,USD,GBP,0.784666
2025-03-05,USD,EGP,48.894028
2025-03-06,USD,EUR,0.928427
2025-03-06,USD,GBP,0.786085
2025-03-06,USD,EGP,48.845395
2025-03-07,USD,EUR,0.914479
2025-03-07,USD,GBP,0.797662
2025-03-07,USD,EGP,48.554527
2025-03-08,USD,EUR,0.914753
2025-03-08,USD,GBP,0.790197
2025-03-08,USD,EGP,48.091239
2025-03-09,USD,EUR,0.917063
2025-03-09,USD,GBP,0.783744
2025-03-09,USD,EGP,48.347085
2025-03-10,USD,EUR,0.913309
2025-03-10,USD,GBP,0.790339
2025-03-10,USD,EGP,48.485586
2025-03-11,USD,EUR,0.925766
2025-03-11,USD,GBP,0.786526
2025-03-11,USD,EGP,48.351756
2025-03-12,USD,EUR,0.910937
2025-03-12,USD,GBP,0.786179
2025-03-12,USD,EGP,48.289542
2025-03-13,USD,EUR,0.912461
2025-03-13,USD,GBP,0.788803
2025-03-13,USD,EGP,48.223385
2025-03-14,USD,EUR,0.915747
2025-03-14,USD,GBP,0.782155
2025-03-14,USD,EGP,48.459495
2025-03-15,USD,EUR,0.916312
2025-03-15,USD,GBP,0.793668
2025-03-15,USD,EGP,48.390109
2025-03-16,USD,EUR,0.91672
2025-03-16,USD,GBP,0.794039
2025-03-16,USD,EGP,48.225419
2025-03-17,USD,EUR,0.921454
2025-03-17,USD,GBP,0.792087
2025-03-17,USD,EGP,48.275042
2025-03-18,USD,EUR,0.926179
2025-03-18,USD,GBP,0.792572
2025-03-18,USD,EGP,48.747149
2025-03-19,USD,EUR,0.915911
2025-03-19,USD,GBP,0.788013
2025-03-19,USD,EGP,48.574454
2025-03-20,USD,EUR,0.921605
2025-03-20,USD,GBP,0.787144
2025-03-20,USD,EGP,48.020006
2025-03-21,USD,EUR,0.920922
2025-03-21,USD,GBP,0.793118
2025-03-21,USD,EGP,48.45108
2025-03-22,USD,EUR,0.916654
2025-03-22,USD,GBP,0.794884
2025-03-22,USD,EGP,48.494277
2025-03-23,USD,EUR,0.923993
2025-03-23,USD,GBP,0.79449
2025-03-23,USD,EGP,48.736572
2025-03-24,USD,EUR,0.923106
2025-03-24,USD,GBP,0.782536
2025-03-24,USD,EGP,48.430098
2025-03-25,USD,EUR,0.914074
2025-03-25,USD,GBP,0.794609
2025-03-25,USD,EGP,48.015515
2025-03-26,USD,EUR,0.923789
2025-03-26,USD,GBP,0.796934
2025-03-26,USD,EGP,48.196584
2025-03-27,USD,EUR,0.916334
2025-03-27,USD,GBP,0.792518
2025-03-27,USD,EGP,48.450138
2025-03-28,USD,EUR,0.928995
2025-03-28,USD,GBP,0.786193
2025-03-28,USD,EGP,48.854912
2025-03-29,USD,EUR,0.920882
2025-03-29,USD,GBP,0.78962
2025-03-29,USD,EGP,48.288299
2025-03-30,USD,EUR,0.915406
2025-03-30,USD,GBP,0.797372
2025-03-30,USD,EGP,48.431761
2025-03-31,USD,EUR,0.917212
2025-03-31,USD,GBP,0.796725
2025-03-31,USD,EGP,48.860355
2025-04-01,USD,EUR,0.923401
2025-04-01,USD,GBP,0.792818
2025-04-01,USD,EGP,48.020632
2025-04-02,USD,EUR,0.924627
2025-04-02,USD,GBP,0.790783
2025-04-02,USD,EGP,48.721296
2025-04-03,USD,EUR,0.926625
2025-04-03,USD,GBP,0.790943
2025-04-03,USD,EGP,48.060656
2025-04-04,USD,EUR,0.914031
2025-04-04,USD,GBP,0.793548
2025-04-04,USD,EGP,48.637127
2025-04-05,USD,EUR,0.926508
2025-04-05,USD,GBP,0.791485
2025-04-05,USD,EGP,48.513987
2025-04-06,USD,EUR,0.914157
2025-04-06,USD,GBP,0.797871
2025-04-06,USD,EGP,48.577864
2025-04-07,USD,EUR,0.913181
2025-04-07,USD,GBP,0.784896
2025-04-07,USD,EGP,48.126568
2025-04-08,USD,EUR,0.9227
2025-04-08,USD,GBP,0.794764
2025-04-08,USD,EGP,48.280531
2025-04-09,USD,EUR,0.913453
2025-04-09,USD,GBP,0.792136
2025-04-09,USD,EGP,48.673374
2025-04-10,USD,EUR,0.919837
2025-04-10,USD,GBP,0.783396
2025-04-10,USD,EGP,48.063151
2025-04-11,USD,EUR,0.913685
2025-04-11,USD,GBP,0.795772
2025-04-11,USD,EGP,48.578614
2025-04-12,USD,EUR,0.92161
2025-04-12,USD,GBP,0.797257
2025-04-12,USD,EGP,48.025896
2025-04-13,USD,EUR,0.916599
2025-04-13,USD,GBP,0.782459
2025-04-13,USD,EGP,48.786412
2025-04-14,USD,EUR,0.927611
2025-04-14,USD,GBP,0.784776
2025-04-14,USD,EGP,48.594754
2025-04-15,USD,EUR,0.927811
2025-04-15,USD,GBP,0.784252
2025-04-15,USD,EGP,48.365284
2025-04-16,USD,EUR,0.91933
2025-04-16,USD,GBP,0.797518
2025-04-16,USD,EGP,48.568508
2025-04-17,USD,EUR,0.92023
2025-04-17,USD,GBP,0.790402
2025-04-17,USD,EGP,48.337969
2025-04-18,USD,EUR,0.922067
2025-04-18,USD,GBP,0.794887
2025-04-18,USD,EGP,48.662435
2025-04-19,USD,EUR,0.927882
2025-04-19,USD,GBP,0.784768
2025-04-19,USD,EGP,48.781178
2025-04-20,USD,EUR,0.915069
2025-04-20,USD,GBP,0.795384
2025-04-20,USD,EGP,48.30566
2025-04-21,USD,EUR,0.920937
2025-04-21,USD,GBP,0.79562
2025-04-21,USD,EGP,48.468751
2025-04-22,USD,EUR,0.92261
2025-04-22,USD,GBP,0.782298
2025-04-22,USD,EGP,48.481735
2025-04-23,USD,EUR,0.920628
2025-04-23,USD,GBP,0.789853
2025-04-23,USD,EGP,48.778362
2025-04-24,USD,EUR,0.911706
2025-04-24,USD,GBP,0.788101
2025-04-24,USD,EGP,48.33293
2025-04-25,USD,EUR,0.916204
2025-04-25,USD,GBP,0.782313
2025-04-25,USD,EGP,48.50979
2025-04-26,USD,EUR,0.929177
2025-04-26,USD,GBP,0.79468
2025-04-26,USD,EGP,48.373103
2025-04-27,USD,EUR,0.921397
2025-04-27,USD,GBP,0.797195
2025-04-27,USD,EGP,48.063485
2025-04-28,USD,EUR,0.916809
2025-04-28,USD,GBP,0.797048
2025-04-28,USD,EGP,48.096735
2025-04-29,USD,EUR,0.914237
2025-04-29,USD,GBP,0.792309
2025-04-29,USD,EGP,48.509919
2025-04-30,USD,EUR,0.927661
2025-04-30,USD,GBP,0.797305
2025-04-30,USD,EGP,48.03589
2025-05-01,USD,EUR,0.921335
2025-05-01,USD,GBP,0.791946
2025-05-01,USD,EGP,48.458015
2025-05-02,USD,EUR,0.923489
2025-05-02,USD,GBP,0.79123
2025-05-02,USD,EGP,48.905777
2025-05-03,USD,EUR,0.912692
2025-05-03,USD,GBP,0.789084
2025-05-03,USD,EGP,48.377082
2025-05-04,USD,EUR,0.921522
2025-05-04,USD,GBP,0.783087
2025-05-04,USD,EGP,48.408583
2025-05-05,USD,EUR,0.926124
2025-05-05,USD,GBP,0.790013
2025-05-05,USD,EGP,48.488698
2025-05-06,USD,EUR,0.919471
2025-05-06,USD,GBP,0.793111
2025-05-06,USD,EGP,48.610258
2025-05-07,USD,EUR,0.925552
2025-05-07,USD,GBP,0.79438
2025-05-07,USD,EGP,48.747194
2025-05-08,USD,EUR,0.913486
2025-05-08,USD,GBP,0.791615
2025-05-08,USD,EGP,48.428291
2025-05-09,USD,EUR,0.915939
2025-05-09,USD,GBP,0.792995
2025-05-09,USD,EGP,48.276001
2025-05-10,USD,EUR,0.915018
2025-05-10,USD,GBP,0.784238
2025-05-10,USD,EGP,48.562441
2025-05-11,USD,EUR,0.923406
2025-05-11,USD,GBP,0.789077
2025-05-11,USD,EGP,48.908462
2025-05-12,USD,EUR,0.918646
2025-05-12,USD,GBP,0.789846
2025-05-12,USD,EGP,48.340154
2025-05-13,USD,EUR,0.928792
2025-05-13,USD,GBP,0.797817
2025-05-13,USD,EGP,48.849577
2025-05-14,USD,EUR,0.925694
2025-05-14,USD,GBP,0.793668
2025-05-14,USD,EGP,48.564975
2025-05-15,USD,EUR,0.924833
2025-05-15,USD,GBP,0.787468
2025-05-15,USD,EGP,48.617228
2025-05-16,USD,EUR,0.927131
2025-05-16,USD,GBP,0.79409
2025-05-16,USD,EGP,48.329302
2025-05-17,USD,EUR,0.919722
2025-05-17,USD,GBP,0.794545
2025-05-17,USD,EGP,48.307959
2025-05-18,USD,EUR,0.923156
2025-05-18,USD,GBP,0.792449
2025-05-18,USD,EGP,48.065065
2025-05-19,USD,EUR,0.919406
2025-05-19,USD,GBP,0.783495
2025-05-19,USD,EGP,48.802893
2025-05-20,USD,EUR,0.924448
2025-05-20,USD,GBP,0.793235
2025-05-20,USD,EGP,48.908441
2025-05-21,USD,EUR,0.915072
2025-05-21,USD,GBP,0.785081
2025-05-21,USD,EGP,48.404564
2025-05-22,USD,EUR,0.914899
2025-05-22,USD,GBP,0.787619
2025-05-22,USD,EGP,48.15909
2025-05-23,USD,EUR,0.922309
2025-05-23,USD,GBP,0.789529
2025-05-23,USD,EGP,48.210935
2025-05-24,USD,EUR,0.911002
2025-05-24,USD,GBP,0.787447
2025-05-24,USD,EGP,48.627395
2025-05-25,USD,EUR,0.91766
2025-05-25,USD,GBP,0.790523
2025-05-25,USD,EGP,48.714958
2025-05-26,USD,EUR,0.920797
2025-05-26,USD,GBP,0.797682
2025-05-26,USD,EGP,48.422851
2025-05-27,USD,EUR,0.925852
2025-05-27,USD,GBP,0.783841
2025-05-27,USD,EGP,48.653816
2025-05-28,USD,EUR,0.915806
2025-05-28,USD,GBP,0.785596
2025-05-28,USD,EGP,48.46729
2025-05-29,USD,EUR,0.917707
2025-05-29,USD,GBP,0.783116
2025-05-29,USD,EGP,48.309783
2025-05-30,USD,EUR,0.926592
2025-05-30,USD,GBP,0.797874
2025-05-30,USD,EGP,48.124054
2025-05-31,USD,EUR,0.927359
2025-05-31,USD,GBP,0.790347
2025-05-31,USD,EGP,48.500218
2025-06-01,USD,EUR,0.925628
2025-06-01,USD,GBP,0.791767
2025-06-01,USD,EGP,48.594488
2025-06-02,USD,EUR,0.927258
2025-06-02,USD,GBP,0.791959
2025-06-02,USD,EGP,48.718452
2025-06-03,USD,EUR,0.91791
2025-06-03,USD,GBP,0.792708
2025-06-03,USD,EGP,48.340728
2025-06-04,USD,EUR,0.919556
2025-06-04,USD,GBP,0.785778
2025-06-04,USD,EGP,48.649564
2025-06-05,USD,EUR,0.918584
2025-06-05,USD,GBP,0.79077
2025-06-05,USD,EGP,48.285239
2025-06-06,USD,EUR,0.912423
2025-06-06,USD,GBP,0.794567
2025-06-06,USD,EGP,48.889234
2025-06-07,USD,EUR,0.911227
2025-06-07,USD,GBP,0.794179
2025-06-07,USD,EGP,48.015595
2025-06-08,USD,EUR,0.912508
2025-06-08,USD,GBP,0.79074
2025-06-08,USD,EGP,48.878866
2025-06-09,USD,EUR,0.925994
2025-06-09,USD,GBP,0.782176
2025-06-09,USD,EGP,48.412563
2025-06-10,USD,EUR,0.921016
2025-06-10,USD,GBP,0.784962
2025-06-10,USD,EGP,48.827613
2025-06-11,USD,EUR,0.915128
2025-06-11,USD,GBP,0.788174
2025-06-11,USD,EGP,48.76487
2025-06-12,USD,EUR,0.928562
2025-06-12,USD,GBP,0.791083
2025-06-12,USD,EGP,48.727019
2025-06-13,USD,EUR,0.912277
2025-06-13,USD,GBP,0.790219
2025-06-13,USD,EGP,48.621614
2025-06-14,USD,EUR,0.92002
2025-06-14,USD,GBP,0.792239
2025-06-14,USD,EGP,48.487505
2025-06-15,USD,EUR,0.922832
2025-06-15,USD,GBP,0.787319
2025-06-15,USD,EGP,48.330968
2025-06-16,USD,EUR,0.929032
2025-06-16,USD,GBP,0.79155
2025-06-16,USD,EGP,48.350964
2025-06-17,USD,EUR,0.926854
2025-06-17,USD,GBP,0.788431
2025-06-17,USD,EGP,48.556309
2025-06-18,USD,EUR,0.925344
2025-06-18,USD,GBP,0.796202
2025-06-18,USD,EGP,48.886281
2025-06-19,USD,EUR,0.915763
2025-06-19,USD,GBP,0.791619
2025-06-19,USD,EGP,48.263869
2025-06-20,USD,EUR,0.928379
2025-06-20,USD,GBP,0.785338
2025-06-20,USD,EGP,48.960429
2025-06-21,USD,EUR,0.916019
2025-06-21,USD,GBP,0.78641
2025-06-21,USD,EGP,48.523777
2025-06-22,USD,EUR,0.921993
2025-06-22,USD,GBP,0.783198
2025-06-22,USD,EGP,48.942275
2025-06-23,USD,EUR,0.918462
2025-06-23,USD,GBP,0.787249
2025-06-23,USD,EGP,48.609828
2025-06-24,USD,EUR,0.912518
2025-06-24,USD,GBP,0.790565
2025-06-24,USD,EGP,48.224467
2025-06-25,USD,EUR,0.927993
2025-06-25,USD,GBP,0.797771
2025-06-25,USD,EGP,48.199947
2025-06-26,USD,EUR,0.918115
2025-06-26,USD,GBP,0.791408
2025-06-26,USD,EGP,48.750572
2025-06-27,USD,EUR,0.917964
2025-06-27,USD,GBP,0.78818
2025-06-27,USD,EGP,48.031692
2025-06-28,USD,EUR,0.927645
2025-06-28,USD,GBP,0.79316
2025-06-28,USD,EGP,48.701387
2025-06-29,USD,EUR,0.919024
2025-06-29,USD,GBP,0.782146
2025-06-29,USD,EGP,48.562008
2025-06-30,USD,EUR,0.921373
2025-06-30,USD,GBP,0.782528
2025-06-30,USD,EGP,48.932984
2025-07-01,USD,EUR,0.915917
2025-07-01,USD,GBP,0.790251
2025-07-01,USD,EGP,48.073378
2025-07-02,USD,EUR,0.919032
2025-07-02,USD,GBP,0.783007
2025-07-02,USD,EGP,48.116421
2025-07-03,USD,EUR,0.922279
2025-07-03,USD,GBP,0.787939
2025-07-03,USD,EGP,48.032129
2025-07-04,USD,EUR,0.925602
2025-07-04,USD,GBP,0.787251
2025-07-04,USD,EGP,48.172351
2025-07-05,USD,EUR,0.926235
2025-07-05,USD,GBP,0.790637
2025-07-05,USD,EGP,48.333316
2025-07-06,USD,EUR,0.924128
2025-07-06,USD,GBP,0.786671
2025-07-06,USD,EGP,48.278388
2025-07-07,USD,EUR,0.923507
2025-07-07,USD,GBP,0.793362
2025-07-07,USD,EGP,48.204828
2025-07-08,USD,EUR,0.914263
2025-07-08,USD,GBP,0.790399
2025-07-08,USD,EGP,48.856681
2025-07-09,USD,EUR,0.924247
2025-07-09,USD,GBP,0.788186
2025-07-09,USD,EGP,48.710309
2025-07-10,USD,EUR,0.915512
2025-07-10,USD,GBP,0.791022
2025-07-10,USD,EGP,48.253392
2025-07-11,USD,EUR,0.927703
2025-07-11,USD,GBP,0.797196
2025-07-11,USD,EGP,48.117815
2025-07-12,USD,EUR,0.913519
2025-07-12,USD,GBP,0.797751
2025-07-12,USD,EGP,48.516694
2025-07-13,USD,EUR,0.920257
2025-07-13,USD,GBP,0.784063
2025-07-13,USD,EGP,48.469892
2025-07-14,USD,EUR,0.927774
2025-07-14,USD,GBP,0.792057
2025-07-14,USD,EGP,48.556184
2025-07-15,USD,EUR,0.917716
2025-07-15,USD,GBP,0.797888
2025-07-15,USD,EGP,48.623362
2025-07-16,USD,EUR,0.915185
2025-07-16,USD,GBP,0.783031
2025-07-16,USD,EGP,48.595276
2025-07-17,USD,EUR,0.911533
2025-07-17,USD,GBP,0.794984
2025-07-17,USD,EGP,48.037192
2025-07-18,USD,EUR,0.922346
2025-07-18,USD,GBP,0.790399
2025-07-18,USD,EGP,48.465309
2025-07-19,USD,EUR,0.918598
2025-07-19,USD,GBP,0.786043
2025-07-19,USD,EGP,48.711808
2025-07-20,USD,EUR,0.916818
2025-07-20,USD,GBP,0.7966
2025-07-20,USD,EGP,48.542943
2025-07-21,USD,EUR,0.912361
2025-07-21,USD,GBP,0.793802
2025-07-21,USD,EGP,48.824684
2025-07-22,USD,EUR,0.922765
2025-07-22,USD,GBP,0.784714
2025-07-22,USD,EGP,48.441679
2025-07-23,USD,EUR,0.918503
2025-07-23,USD,GBP,0.796047
2025-07-23,USD,EGP,48.840749
2025-07-24,USD,EUR,0.920838
2025-07-24,USD,GBP,0.789208
2025-07-24,USD,EGP,48.502779
2025-07-25,USD,EUR,0.915696
2025-07-25,USD,GBP,0.784104
2025-07-25,USD,EGP,48.392362
2025-07-26,USD,EUR,0.918799
2025-07-26,USD,GBP,0.793158
2025-07-26,USD,EGP,48.957107
2025-07-27,USD,EUR,0.911924
2025-07-27,USD,GBP,0.795843
2025-07-27,USD,EGP,48.929498
2025-07-28,USD,EUR,0.925602
2025-07-28,USD,GBP,0.787554
2025-07-28,USD,EGP,48.445451
2025-07-29,USD,EUR,0.918368
2025-07-29,USD,GBP,0.789952
2025-07-29,USD,EGP,48.193117
2025-07-30,USD,EUR,0.915522
2025-07-30,USD,GBP,0.795917
2025-07-30,USD,EGP,48.543711
2025-07-31,USD,EUR,0.925473
2025-07-31,USD,GBP,0.789059
2025-07-31,USD,EGP,48.659644
2025-08-01,USD,EUR,0.925498
2025-08-01,USD,GBP,0.783486
2025-08-01,USD,EGP,48.394217
2025-08-02,USD,EUR,0.915478
2025-08-02,USD,GBP,0.795589
2025-08-02,USD,EGP,48.61182
2025-08-03,USD,EUR,0.928654
2025-08-03,USD,GBP,0.783154
2025-08-03,USD,EGP,48.82
2025-08-04,USD,EUR,0.923747
2025-08-04,USD,GBP,0.782543
2025-08-04,USD,EGP,48.867084
2025-08-05,USD,EUR,0.928406
2025-08-05,USD,GBP,0.787389
2025-08-05,USD,EGP,48.917922
2025-08-06,USD,EUR,0.916333
2025-08-06,USD,GBP,0.795625
2025-08-06,USD,EGP,48.425095
2025-08-07,USD,EUR,0.922745
2025-08-07,USD,GBP,0.796693
2025-08-07,USD,EGP,48.155333
2025-08-08,USD,EUR,0.912815
2025-08-08,USD,GBP,0.78762
2025-08-08,USD,EGP,48.550107
2025-08-09,USD,EUR,0.925981
2025-08-09,USD,GBP,0.789317
2025-08-09,USD,EGP,48.767705
2025-08-10,USD,EUR,0.925749
2025-08-10,USD,GBP,0.78553
2025-08-10,USD,EGP,48.579605
2025-08-11,USD,EUR,0.927081
2025-08-11,USD,GBP,0.796478
2025-08-11,USD,EGP,48.061709
2025-08-12,USD,EUR,0.927372
2025-08-12,USD,GBP,0.788268
2025-08-12,USD,EGP,48.405248
2025-08-13,USD,EUR,0.917362
2025-08-13,USD,GBP,0.784498
2025-08-13,USD,EGP,48.264057
2025-08-14,USD,EUR,0.916274
2025-08-14,USD,GBP,0.782323
2025-08-14,USD,EGP,48.832907
2025-08-15,USD,EUR,0.91271
2025-08-15,USD,GBP,0.797535
2025-08-15,USD,EGP,48.326142
2025-08-16,USD,EUR,0.921642
2025-08-16,USD,GBP,0.789903
2025-08-16,USD,EGP,48.407251
2025-08-17,USD,EUR,0.927401
2025-08-17,USD,GBP,0.794481
2025-08-17,USD,EGP,48.07873
2025-08-18,USD,EUR,0.929163
2025-08-18,USD,GBP,0.786484
2025-08-18,USD,EGP,48.749392
2025-08-19,USD,EUR,0.925441
2025-08-19,USD,GBP,0.789015
2025-08-19,USD,EGP,48.241771
2025-08-20,USD,EUR,0.914917
2025-08-20,USD,GBP,0.782773
2025-08-20,USD,EGP,48.788507
2025-08-21,USD,EUR,0.918556
2025-08-21,USD,GBP,0.790183
2025-08-21,USD,EGP,48.863164
2025-08-22,USD,EUR,0.921266
2025-08-22,USD,GBP,0.79777
2025-08-22,USD,EGP,48.460735
2025-08-23,USD,EUR,0.924858
2025-08-23,USD,GBP,0.788711
2025-08-23,USD,EGP,48.181184
2025-08-24,USD,EUR,0.92656
2025-08-24,USD,GBP,0.791695
2025-08-24,USD,EGP,48.237065
2025-08-25,USD,EUR,0.914116
2025-08-25,USD,GBP,0.788728
2025-08-25,USD,EGP,48.09732
2025-08-26,USD,EUR,0.929152
2025-08-26,USD,GBP,0.797239
2025-08-26,USD,EGP,48.183198
2025-08-27,USD,EUR,0.918466
2025-08-27,USD,GBP,0.787405
2025-08-27,USD,EGP,48.080316
2025-08-28,USD,EUR,0.927311
2025-08-28,USD,GBP,0.784109
2025-08-28,USD,EGP,48.955769
2025-08-29,USD,EUR,0.912614
2025-08-29,USD,GBP,0.7874
2025-08-29,USD,EGP,48.785359
2025-08-30,USD,EUR,0.928055
2025-08-30,USD,GBP,0.795136
2025-08-30,USD,EGP,48.907811
2025-08-31,USD,EUR,0.927033
2025-08-31,USD,GBP,0.783399
2025-08-31,USD,EGP,48.972674
2025-09-01,USD,EUR,0.928662
2025-09-01,USD,GBP,0.790803
2025-09-01,USD,EGP,48.222418
2025-09-02,USD,EUR,0.922688
2025-09-02,USD,GBP,0.795496
2025-09-02,USD,EGP,48.639334
2025-09-03,USD,EUR,0.927491
2025-09-03,USD,GBP,0.782914
2025-09-03,USD,EGP,48.329567
2025-09-04,USD,EUR,0.927683
2025-09-04,USD,GBP,0.78562
2025-09-04,USD,EGP,48.282149
2025-09-05,USD,EUR,0.929154
2025-09-05,USD,GBP,0.793522
2025-09-05,USD,EGP,48.471915
2025-09-06,USD,EUR,0.916483
2025-09-06,USD,GBP,0.794437
2025-09-06,USD,EGP,48.106075
2025-09-07,USD,EUR,0.927803
2025-09-07,USD,GBP,0.797728
2025-09-07,USD,EGP,48.787467
2025-09-08,USD,EUR,0.914849
2025-09-08,USD,GBP,0.783888
2025-09-08,USD,EGP,48.090192
2025-09-09,USD,EUR,0.918226
2025-09-09,USD,GBP,0.793114
2025-09-09,USD,EGP,48.228323
2025-09-10,USD,EUR,0.926442
2025-09-10,USD,GBP,0.784908
2025-09-10,USD,EGP,48.830172
2025-09-11,USD,EUR,0.924387
2025-09-11,USD,GBP,0.796032
2025-09-11,USD,EGP,48.3443
2025-09-12,USD,EUR,0.92343
2025-09-12,USD,GBP,0.794371
2025-09-12,USD,EGP,48.265881
2025-09-13,USD,EUR,0.927979
2025-09-13,USD,GBP,0.795507
2025-09-13,USD,EGP,48.24562
2025-09-14,USD,EUR,0.916093
2025-09-14,USD,GBP,0.784481
2025-09-14,USD,EGP,48.349283
2025-09-15,USD,EUR,0.925897
2025-09-15,USD,GBP,0.795854
2025-09-15,USD,EGP,48.584319
2025-09-16,USD,EUR,0.915463
2025-09-16,USD,GBP,0.79713
2025-09-16,USD,EGP,48.467812
2025-09-17,USD,EUR,0.911962
2025-09-17,USD,GBP,0.788167
2025-09-17,USD,EGP,48.644981
2025-09-18,USD,EUR,0.91465
2025-09-18,USD,GBP,0.782845
2025-09-18,USD,EGP,48.979904
2025-09-19,USD,EUR,0.913762
2025-09-19,USD,GBP,0.788958
2025-09-19,USD,EGP,48.967683
2025-09-20,USD,EUR,0.923918
2025-09-20,USD,GBP,0.790213
2025-09-20,USD,EGP,48.467361
2025-09-21,USD,EUR,0.91256
2025-09-21,USD,GBP,0.784564
2025-09-21,USD,EGP,48.978592
2025-09-22,USD,EUR,0.926105
2025-09-22,USD,GBP,0.795113
2025-09-22,USD,EGP,48.867451
2025-09-23,USD,EUR,0.916953
2025-09-23,USD,GBP,0.789832
2025-09-23,USD,EGP,48.954827
2025-09-24,USD,EUR,0.92595
2025-09-24,USD,GBP,0.783484
2025-09-24,USD,EGP,48.144829
2025-09-25,USD,EUR,0.925616
2025-09-25,USD,GBP,0.787909
2025-09-25,USD,EGP,48.188042
2025-09-26,USD,EUR,0.920823
2025-09-26,USD,GBP,0.785109
2025-09-26,USD,EGP,48.875914
2025-09-27,USD,EUR,0.914389
2025-09-27,USD,GBP,0.78234
2025-09-27,USD,EGP,48.646875
2025-09-28,USD,EUR,0.919433
2025-09-28,USD,GBP,0.793371
2025-09-28,USD,EGP,48.590104
2025-09-29,USD,EUR,0.916396
2025-09-29,USD,GBP,0.797802
2025-09-29,USD,EGP,48.702861
2025-09-30,USD,EUR,0.922383
2025-09-30,USD,GBP,0.796048
2025-09-30,USD,EGP,48.88364
2025-10-01,USD,EUR,0.924358
2025-10-01,USD,GBP,0.796761
2025-10-01,USD,EGP,48.747552
2025-10-02,USD,EUR,0.917733
2025-10-02,USD,GBP,0.787532
2025-10-02,USD,EGP,48.413647
2025-10-03,USD,EUR,0.926132
2025-10-03,USD,GBP,0.783718
2025-10-03,USD,EGP,48.134156
2025-10-04,USD,EUR,0.913309
2025-10-04,USD,GBP,0.785705
2025-10-04,USD,EGP,48.960918
2025-10-05,USD,EUR,0.923495
2025-10-05,USD,GBP,0.789677
2025-10-05,USD,EGP,48.275338
2025-10-06,USD,EUR,0.92243
2025-10-06,USD,GBP,0.797397
2025-10-06,USD,EGP,48.345562
2025-10-07,USD,EUR,0.917139
2025-10-07,USD,GBP,0.795731
2025-10-07,USD,EGP,48.615114
2025-10-08,USD,EUR,0.928176
2025-10-08,USD,GBP,0.785389
2025-10-08,USD,EGP,48.020641
2025-10-09,USD,EUR,0.928004
2025-10-09,USD,GBP,0.785022
2025-10-09,USD,EGP,48.963691
2025-10-10,USD,EUR,0.913175
2025-10-10,USD,GBP,0.797393
2025-10-10,USD,EGP,48.4516
2025-10-11,USD,EUR,0.918205
2025-10-11,USD,GBP,0.788184
2025-10-11,USD,EGP,48.236152
2025-10-12,USD,EUR,0.914797
2025-10-12,USD,GBP,0.793637
2025-10-12,USD,EGP,48.728883
2025-10-13,USD,EUR,0.926487
2025-10-13,USD,GBP,0.793062
2025-10-13,USD,EGP,48.903628
2025-10-14,USD,EUR,0.925724
2025-10-14,USD,GBP,0.791937
2025-10-14,USD,EGP,48.45311
2025-10-15,USD,EUR,0.924484
2025-10-15,USD,GBP,0.796602
2025-10-15,USD,EGP,48.07908
2025-10-16,USD,EUR,0.916628
2025-10-16,USD,GBP,0.797245
2025-10-16,USD,EGP,48.6102
2025-10-17,USD,EUR,0.918932
2025-10-17,USD,GBP,0.795445
2025-10-17,USD,EGP,48.828282
2025-10-18,USD,EUR,0.928709
2025-10-18,USD,GBP,0.796812
2025-10-18,USD,EGP,48.576058
2025-10-19,USD,EUR,0.924148
2025-10-19,USD,GBP,0.788762
2025-10-19,USD,EGP,48.472025
2025-10-20,USD,EUR,0.922402
2025-10-20,USD,GBP,0.784086
2025-10-20,USD,EGP,48.630343
2025-10-21,USD,EUR,0.923938
2025-10-21,USD,GBP,0.794562
2025-10-21,USD,EGP,48.720865
2025-10-22,USD,EUR,0.912519
2025-10-22,USD,GBP,0.796639
2025-10-22,USD,EGP,48.824902
2025-10-23,USD,EUR,0.926681
2025-10-23,USD,GBP,0.78598
2025-10-23,USD,EGP,48.053908
2025-10-24,USD,EUR,0.911538
2025-10-24,USD,GBP,0.795821
2025-10-24,USD,EGP,48.044956
2025-10-25,USD,EUR,0.923331
2025-10-25,USD,GBP,0.786246
2025-10-25,USD,EGP,48.049791
2025-10-26,USD,EUR,0.925901
2025-10-26,USD,GBP,0.785038
2025-10-26,USD,EGP,48.910811
2025-10-27,USD,EUR,0.916529
2025-10-27,USD,GBP,0.787478
2025-10-27,USD,EGP,48.390453
2025-10-28,USD,EUR,0.918484
2025-10-28,USD,GBP,0.79491
2025-10-28,USD,EGP,48.703764
2025-10-29,USD,EUR,0.912437
2025-10-29,USD,GBP,0.785264
2025-10-29,USD,EGP,48.831607
2025-10-30,USD,EUR,0.917393
2025-10-30,USD,GBP,0.78956
2025-10-30,USD,EGP,48.628916
2025-10-31,USD,EUR,0.913292
2025-10-31,USD,GBP,0.794306
2025-10-31,USD,EGP,48.77049
2025-11-01,USD,EUR,0.915034
2025-11-01,USD,GBP,0.791164
2025-11-01,USD,EGP,48.192181
2025-11-02,USD,EUR,0.921848
2025-11-02,USD,GBP,0.784731
2025-11-02,USD,EGP,48.78056
2025-11-03,USD,EUR,0.914137
2025-11-03,USD,GBP,0.786332
2025-11-03,USD,EGP,48.542483
2025-11-04,USD,EUR,0.92675
2025-11-04,USD,GBP,0.782451
2025-11-04,USD,EGP,48.764764
2025-11-05,USD,EUR,0.91833
2025-11-05,USD,GBP,0.79501
2025-11-05,USD,EGP,48.704531
2025-11-06,USD,EUR,0.917367
2025-11-06,USD,GBP,0.789575
2025-11-06,USD,EGP,48.401942
2025-11-07,USD,EUR,0.916538
2025-11-07,USD,GBP,0.791134
2025-11-07,USD,EGP,48.948721
2025-11-08,USD,EUR,0.928371
2025-11-08,USD,GBP,0.790855
2025-11-08,USD,EGP,48.112013
2025-11-09,USD,EUR,0.918596
2025-11-09,USD,GBP,0.794149
2025-11-09,USD,EGP,48.176205
2025-11-10,USD,EUR,0.922874
2025-11-10,USD,GBP,0.786768
2025-11-10,USD,EGP,48.67822
2025-11-11,USD,EUR,0.915569
2025-11-11,USD,GBP,0.786234
2025-11-11,USD,EGP,48.697292
2025-11-12,USD,EUR,0.928658
2025-11-12,USD,GBP,0.7958
2025-11-12,USD,EGP,48.93566
2025-11-13,USD,EUR,0.918274
2025-11-13,USD,GBP,0.793588
2025-11-13,USD,EGP,48.272404
2025-11-14,USD,EUR,0.925638
2025-11-14,USD,GBP,0.790697
2025-11-14,USD,EGP,48.935071
2025-11-15,USD,EUR,0.921068
2025-11-15,USD,GBP,0.784391
2025-11-15,USD,EGP,48.222078
2025-11-16,USD,EUR,0.923932
2025-11-16,USD,GBP,0.792829
2025-11-16,USD,EGP,48.630323
2025-11-17,USD,EUR,0.925489
2025-11-17,USD,GBP,0.786499
2025-11-17,USD,EGP,48.780361
2025-11-18,USD,EUR,0.923085
2025-11-18,USD,GBP,0.786873
2025-11-18,USD,EGP,48.309653
2025-11-19,USD,EUR,0.917334
2025-11-19,USD,GBP,0.792605
2025-11-19,USD,EGP,48.769953
2025-11-20,USD,EUR,0.925356
2025-11-20,USD,GBP,0.793717
2025-11-20,USD,EGP,48.307177
2025-11-21,USD,EUR,0.916846
2025-11-21,USD,GBP,0.793154
2025-11-21,USD,EGP,48.18681
2025-11-22,USD,EUR,0.92238
2025-11-22,USD,GBP,0.789423
2025-11-22,USD,EGP,48.617021
2025-11-23,USD,EUR,0.92159
2025-11-23,USD,GBP,0.786156
2025-11-23,USD,EGP,48.383051
2025-11-24,USD,EUR,0.91182
2025-11-24,USD,GBP,0.783115
2025-11-24,USD,EGP,48.211892
2025-11-25,USD,EUR,0.92146
2025-11-25,USD,GBP,0.786363
2025-11-25,USD,EGP,48.891424
2025-11-26,USD,EUR,0.913186
2025-11-26,USD,GBP,0.788471
2025-11-26,USD,EGP,48.288175
2025-11-27,USD,EUR,0.918097
2025-11-27,USD,GBP,0.796981
2025-11-27,USD,EGP,48.143337
2025-11-28,USD,EUR,0.924294
2025-11-28,USD,GBP,0.787655
2025-11-28,USD,EGP,48.271014
2025-11-29,USD,EUR,0.924412
2025-11-29,USD,GBP,0.797128
2025-11-29,USD,EGP,48.907916
2025-11-30,USD,EUR,0.927292
2025-11-30,USD,GBP,0.793545
2025-11-30,USD,EGP,48.769931
2025-12-01,USD,EUR,0.926182
2025-12-01,USD,GBP,0.789076
2025-12-01,USD,EGP,48.828698
2025-12-02,USD,EUR,0.910993
2025-12-02,USD,GBP,0.788629
2025-12-02,USD,EGP,48.469539
2025-12-03,USD,EUR,0.922549
2025-12-03,USD,GBP,0.792642
2025-12-03,USD,EGP,48.073466
2025-12-04,USD,EUR,0.922212
2025-12-04,USD,GBP,0.792787
2025-12-04,USD,EGP,48.559788
2025-12-05,USD,EUR,0.915238
2025-12-05,USD,GBP,0.791762
2025-12-05,USD,EGP,48.718085
2025-12-06,USD,EUR,0.915498
2025-12-06,USD,GBP,0.790937
2025-12-06,USD,EGP,48.171073
2025-12-07,USD,EUR,0.923945
2025-12-07,USD,GBP,0.78753
2025-12-07,USD,EGP,48.933796
2025-12-08,USD,EUR,0.914703
2025-12-08,USD,GBP,0.783929
2025-12-08,USD,EGP,48.596393
2025-12-09,USD,EUR,0.924798
2025-12-09,USD,GBP,0.794474
2025-12-09,USD,EGP,48.579729
2025-12-10,USD,EUR,0.914302
2025-12-10,USD,GBP,0.796835
2025-12-10,USD,EGP,48.516487
2025-12-11,USD,EUR,0.923387
2025-12-11,USD,GBP,0.795106
2025-12-11,USD,EGP,48.509782
2025-12-12,USD,EUR,0.924071
2025-12-12,USD,GBP,0.796057
2025-12-12,USD,EGP,48.716655
2025-12-13,USD,EUR,0.911042
2025-12-13,USD,GBP,0.785832
2025-12-13,USD,EGP,48.500352
2025-12-14,USD,EUR,0.920593
2025-12-14,USD,GBP,0.796942
2025-12-14,USD,EGP,48.344534
2025-12-15,USD,EUR,0.917484
2025-12-15,USD,GBP,0.788281
2025-12-15,USD,EGP,48.130398
2025-12-16,USD,EUR,0.912528
2025-12-16,USD,GBP,0.783469
2025-12-16,USD,EGP,48.417074
2025-12-17,USD,EUR,0.919275
2025-12-17,USD,GBP,0.790035
2025-12-17,USD,EGP,48.398421
2025-12-18,USD,EUR,0.928837
2025-12-18,USD,GBP,0.78853
2025-12-18,USD,EGP,48.084257
2025-12-19,USD,EUR,0.927999
2025-12-19,USD,GBP,0.793258
2025-12-19,USD,EGP,48.395896
2025-12-20,USD,EUR,0.913782
2025-12-20,USD,GBP,0.7894
2025-12-20,USD,EGP,48.709022
2025-12-21,USD,EUR,0.9165
2025-12-21,USD,GBP,0.795025
2025-12-21,USD,EGP,48.818356
2025-12-22,USD,EUR,0.928434
2025-12-22,USD,GBP,0.786919
2025-12-22,USD,EGP,48.860593
2025-12-23,USD,EUR,0.918335
2025-12-23,USD,GBP,0.795144
2025-12-23,USD,EGP,48.35538
2025-12-24,USD,EUR,0.923854
2025-12-24,USD,GBP,0.795674
2025-12-24,USD,EGP,48.589987
2025-12-25,USD,EUR,0.919124
2025-12-25,USD,GBP,0.785317
2025-12-25,USD,EGP,48.048924
2025-12-26,USD,EUR,0.916247
2025-12-26,USD,GBP,0.788182
2025-12-26,USD,EGP,48.221056
2025-12-27,USD,EUR,0.920811
2025-12-27,USD,GBP,0.787179
2025-12-27,USD,EGP,48.290401
2025-12-28,USD,EUR,0.925515
2025-12-28,USD,GBP,0.78351
2025-12-28,USD,EGP,48.650777
2025-12-29,USD,EUR,0.913372
2025-12-29,USD,GBP,0.796439
2025-12-29,USD,EGP,48.959889
2025-12-30,USD,EUR,0.925516
2025-12-30,USD,GBP,0.792323
2025-12-30,USD,EGP,48.502702
2025-12-31,USD,EUR,0.921101
2025-12-31,USD,GBP,0.785331
2025-12-31,USD,EGP,48.139298
